Mean_x,Mean_y,Cov_00,Cov_11,Cov_01
23.436632,23.280816,19.607964,20.451958,4.458550
